,game_date,batter,pitcher,events,description,zone,des,balls,strikes,outs_when_up,pitch_number,inning,plate_x,plate_z
0,2021-05-17,545361,656529,walk,ball,13,Mike Trout walks.,3,1,1,5,1,-1.91,1.93
1,2021-05-17,545361,656529,,ball,13,Mike Trout walks.,2,1,1,4,1,-1.58,1.61
2,2021-05-17,545361,656529,,called_strike,3,Mike Trout walks.,2,0,1,3,1,0.52,3.09
3,2021-05-17,545361,656529,,ball,8,Mike Trout walks.,1,0,1,2,1,0.2,1.9
4,2021-05-17,545361,656529,,ball,11,Mike Trout walks.,0,0,1,1,1,-0.17,3.96
5,2021-05-16,545361,543135,strikeout,swinging_strike_blocked,13,Mike Trout strikes out swinging.,0,2,0,3,5,-0.22,0.74
6,2021-05-16,545361,543135,,foul,6,Mike Trout strikes out swinging.,0,1,0,2,5,0.56,2.49
7,2021-05-16,545361,543135,,called_strike,5,Mike Trout strikes out swinging.,0,0,0,1,5,-0.07,2.45
8,2021-05-16,545361,543135,walk,ball,14,Mike Trout walks.   Jose Rojas to 2nd.,3,0,2,4,2,0.99,1.15
9,2021-05-16,545361,543135,,ball,14,Mike Trout walks.   Jose Rojas to 2nd.,2,0,2,3,2,2.03,1.24
10,2021-05-16,545361,543135,,ball,14,Mike Trout walks.   Jose Rojas to 2nd.,1,0,2,2,2,1.29,2.51
11,2021-05-16,545361,543135,,ball,14,Mike Trout walks.   Jose Rojas to 2nd.,0,0,2,1,2,1.07,1.86
12,2021-05-16,545361,598264,single,hit_into_play,1,Mike Trout singles on a fly ball to center fielder Hunter Renfroe.,1,1,2,3,9,-0.4,2.89
13,2021-05-16,545361,598264,,called_strike,9,Mike Trout singles on a fly ball to center fielder Hunter Renfroe.,1,0,2,2,9,0.76,1.73
14,2021-05-16,545361,598264,,ball,12,Mike Trout singles on a fly ball to center fielder Hunter Renfroe.,0,0,2,1,9,1.11,3.66
15,2021-05-16,545361,543135,strikeout,swinging_strike,6,Mike Trout strikes out swinging.,2,2,1,5,1,0.68,2.2
16,2021-05-16,545361,657031,field_out,hit_into_play,8,Mike Trout lines out to left fielder J.  D. Martinez.,3,2,1,6,7,-0.11,1.58
17,2021-05-16,545361,543135,,ball,11,Mike Trout strikes out swinging.,1,2,1,4,1,-1.21,3.12
18,2021-05-16,545361,657031,,ball,12,Mike Trout lines out to left fielder J.  D. Martinez.,2,2,1,5,7,1.09,2.96
19,2021-05-16,545361,543135,,called_strike,6,Mike Trout strikes out swinging.,1,1,1,3,1,0.37,2.32
20,2021-05-16,545361,657031,,ball,12,Mike Trout lines out to left fielder J.  D. Martinez.,1,2,1,4,7,0.01,4.33
21,2021-05-16,545361,543135,,ball,3,Mike Trout strikes out swinging.,0,1,1,2,1,0.71,3.64
22,2021-05-16,545361,657031,,swinging_strike,13,Mike Trout lines out to left fielder J.  D. Martinez.,1,1,1,3,7,-0.34,0.95
23,2021-05-16,545361,543135,,swinging_strike,3,Mike Trout strikes out swinging.,0,0,1,1,1,0.28,3.35
24,2021-05-16,545361,657031,,swinging_strike,7,Mike Trout lines out to left fielder J.  D. Martinez.,1,0,1,2,7,-0.48,1.63
25,2021-05-16,545361,657031,,ball,13,Mike Trout lines out to left fielder J.  D. Martinez.,0,0,1,1,7,-1.52,2.11
26,2021-05-15,545361,527048,field_out,hit_into_play,4,Mike Trout lines out sharply to center fielder Alex Verdugo.,1,2,0,6,6,-0.53,2.49
27,2021-05-15,545361,527048,,foul,6,Mike Trout lines out sharply to center fielder Alex Verdugo.,1,2,0,5,6,0.38,2.42
28,2021-05-15,545361,527048,,foul,11,Mike Trout lines out sharply to center fielder Alex Verdugo.,1,2,0,4,6,-1.19,3.22
29,2021-05-15,545361,527048,,ball,13,Mike Trout lines out sharply to center fielder Alex Verdugo.,0,2,0,3,6,-1.6,2.4
30,2021-05-15,545361,527048,,foul,14,Mike Trout lines out sharply to center fielder Alex Verdugo.,0,1,0,2,6,0.88,2.44
31,2021-05-15,545361,527048,,called_strike,2,Mike Trout lines out sharply to center fielder Alex Verdugo.,0,0,0,1,6,-0.19,3.09
32,2021-05-15,545361,527048,walk,ball,13,Mike Trout walks.,3,2,2,6,3,-0.86,1.56
33,2021-05-15,545361,527048,,swinging_strike,3,Mike Trout walks.,3,1,2,5,3,0.5,3.23
34,2021-05-15,545361,527048,,ball,12,Mike Trout walks.,2,1,2,4,3,0.97,2.87
35,2021-05-15,545361,527048,,ball,1,Mike Trout walks.,1,1,2,3,3,-0.5,3.5
36,2021-05-15,545361,527048,,called_strike,3,Mike Trout walks.,1,0,2,2,3,0.83,3.13
37,2021-05-15,545361,527048,,ball,11,Mike Trout walks.,0,0,2,1,3,-1.08,3.54
38,2021-05-15,545361,527048,walk,ball,13,Mike Trout walks.,3,2,1,6,1,-1.36,1.49
39,2021-05-15,545361,527048,,foul,13,Mike Trout walks.,3,1,1,5,1,-0.86,1.48
40,2021-05-15,545361,527048,,ball,11,Mike Trout walks.,2,1,1,4,1,-1.14,2.68
41,2021-05-15,545361,527048,,foul,3,Mike Trout walks.,2,0,1,3,1,0.29,3.53
42,2021-05-15,545361,527048,,ball,2,Mike Trout walks.,1,0,1,2,1,-0.09,3.54
43,2021-05-15,545361,650382,field_out,hit_into_play,5,Mike Trout pops out to first baseman Bobby Dalbec in foul territory.,1,0,1,2,8,0.13,2.71
44,2021-05-15,545361,527048,,ball,12,Mike Trout walks.,0,0,1,1,1,0.27,3.71
45,2021-05-15,545361,650382,,ball,13,Mike Trout pops out to first baseman Bobby Dalbec in foul territory.,0,0,1,1,8,-1.33,1.51
46,2021-05-14,545361,601713,field_out,hit_into_play,3,Mike Trout flies out to right fielder Hunter Renfroe.,3,2,2,6,6,0.32,3.35
47,2021-05-14,545361,601713,,ball,12,Mike Trout flies out to right fielder Hunter Renfroe.,2,2,2,5,6,1.32,2.76
48,2021-05-14,545361,601713,,called_strike,2,Mike Trout flies out to right fielder Hunter Renfroe.,2,1,2,4,6,-0.21,3.31
49,2021-05-14,545361,601713,,ball,11,Mike Trout flies out to right fielder Hunter Renfroe.,1,1,2,3,6,-0.44,4.46
50,2021-05-14,545361,601713,,ball,14,Mike Trout flies out to right fielder Hunter Renfroe.,0,1,2,2,6,1.37,1.65
51,2021-05-14,545361,601713,,swinging_strike,4,Mike Trout flies out to right fielder Hunter Renfroe.,0,0,2,1,6,-0.57,2.81
52,2021-05-14,545361,601713,field_out,hit_into_play,14,"Mike Trout grounds out, shortstop Xander Bogaerts to first baseman Bobby Dalbec.",1,2,0,5,4,0.84,1.1
53,2021-05-14,545361,601713,,foul,5,"Mike Trout grounds out, shortstop Xander Bogaerts to first baseman Bobby Dalbec.",1,2,0,4,4,-0.02,2.37
54,2021-05-14,545361,601713,,foul,8,"Mike Trout grounds out, shortstop Xander Bogaerts to first baseman Bobby Dalbec.",1,1,0,3,4,-0.03,1.9
55,2021-05-14,545361,601713,,ball,11,"Mike Trout grounds out, shortstop Xander Bogaerts to first baseman Bobby Dalbec.",0,1,0,2,4,-0.63,4.43
56,2021-05-14,545361,601713,,foul_tip,4,"Mike Trout grounds out, shortstop Xander Bogaerts to first baseman Bobby Dalbec.",0,0,0,1,4,-0.7,2.84
57,2021-05-14,545361,493603,strikeout,called_strike,14,Mike Trout called out on strikes.,3,2,2,7,8,0.96,2.48
58,2021-05-14,545361,493603,,foul,9,Mike Trout called out on strikes.,3,2,2,6,8,0.55,1.72
59,2021-05-14,545361,493603,,called_strike,8,Mike Trout called out on strikes.,3,1,2,5,8,-0.01,1.88
60,2021-05-14,545361,493603,,ball,14,Mike Trout called out on strikes.,2,1,2,4,8,1.29,2.21
61,2021-05-14,545361,493603,,ball,14,Mike Trout called out on strikes.,1,1,2,3,8,1.99,2.17
62,2021-05-14,545361,601713,strikeout,called_strike,2,Mike Trout called out on strikes.,1,2,1,4,1,0.22,3.26
63,2021-05-14,545361,493603,,ball,12,Mike Trout called out on strikes.,0,1,2,2,8,1.86,3.1
64,2021-05-14,545361,493603,,swinging_strike,2,Mike Trout called out on strikes.,0,0,2,1,8,0.2,3.01
65,2021-05-14,545361,601713,,ball,11,Mike Trout called out on strikes.,0,2,1,3,1,-0.06,3.9
66,2021-05-14,545361,601713,,swinging_strike,14,Mike Trout called out on strikes.,0,1,1,2,1,0.45,1.33
67,2021-05-14,545361,601713,,called_strike,2,Mike Trout called out on strikes.,0,0,1,1,1,-0.15,3.36
68,2021-05-11,545361,621121,walk,ball,14,Mike Trout walks.   Shohei Ohtani to 2nd.,3,1,0,5,7,1.51,1.84
69,2021-05-11,545361,621121,,swinging_strike,9,Mike Trout walks.   Shohei Ohtani to 2nd.,3,0,0,4,7,0.64,2.09
70,2021-05-11,545361,621121,,ball,6,Mike Trout walks.   Shohei Ohtani to 2nd.,2,0,0,3,7,0.78,2.63
71,2021-05-11,545361,621121,,ball,14,Mike Trout walks.   Shohei Ohtani to 2nd.,1,0,0,2,7,1.08,2.27
72,2021-05-11,545361,621121,,ball,12,Mike Trout walks.   Shohei Ohtani to 2nd.,0,0,0,1,7,1.21,3.26
73,2021-05-11,545361,621121,field_out,hit_into_play,6,Mike Trout grounds out to first baseman Yuli Gurriel.,2,0,1,3,4,0.47,2.58
74,2021-05-11,545361,621121,,ball,14,Mike Trout grounds out to first baseman Yuli Gurriel.,1,0,1,2,4,2.35,2.01
75,2021-05-11,545361,621121,,ball,14,Mike Trout grounds out to first baseman Yuli Gurriel.,0,0,1,1,4,1.1,1.27
76,2021-05-11,545361,621121,strikeout,swinging_strike_blocked,14,Mike Trout strikes out swinging.,0,2,2,3,1,0.62,0.38
77,2021-05-11,545361,519151,field_out,hit_into_play,2,Mike Trout flies out sharply to center fielder Myles Straw.,1,2,2,4,9,0.25,3.0
78,2021-05-11,545361,519151,,foul,8,Mike Trout flies out sharply to center fielder Myles Straw.,1,1,2,3,9,0.22,1.79
79,2021-05-11,545361,621121,,swinging_strike,14,Mike Trout strikes out swinging.,0,1,2,2,1,1.36,1.79
80,2021-05-11,545361,621121,,called_strike,6,Mike Trout strikes out swinging.,0,0,2,1,1,0.64,2.6
81,2021-05-11,545361,519151,,ball,14,Mike Trout flies out sharply to center fielder Myles Straw.,0,1,2,2,9,2.16,0.77
82,2021-05-11,545361,519151,,called_strike,9,Mike Trout flies out sharply to center fielder Myles Straw.,0,0,2,1,9,0.36,2.25
83,2021-05-10,545361,677651,field_out,hit_into_play,1,Mike Trout pops out to second baseman Jose Altuve.,2,2,0,7,6,-0.48,3.07
84,2021-05-10,545361,677651,,foul,5,Mike Trout pops out to second baseman Jose Altuve.,2,2,0,6,6,0.19,2.27
85,2021-05-10,545361,677651,,ball,14,Mike Trout pops out to second baseman Jose Altuve.,1,2,0,5,6,1.67,1.37
86,2021-05-10,545361,677651,,foul,5,Mike Trout pops out to second baseman Jose Altuve.,1,2,0,4,6,0.03,2.46
87,2021-05-10,545361,677651,,foul,4,Mike Trout pops out to second baseman Jose Altuve.,1,1,0,3,6,-0.78,2.45
88,2021-05-10,545361,677651,,ball,11,Mike Trout pops out to second baseman Jose Altuve.,0,1,0,2,6,-1.04,3.81
89,2021-05-10,545361,677651,,foul,14,Mike Trout pops out to second baseman Jose Altuve.,0,0,0,1,6,0.78,1.41
90,2021-05-10,545361,677651,walk,ball,13,Mike Trout walks.,3,2,0,6,4,-0.76,1.12
91,2021-05-10,545361,677651,,called_strike,6,Mike Trout walks.,3,1,0,5,4,0.57,2.52
92,2021-05-10,545361,677651,,ball,14,Mike Trout walks.,2,1,0,4,4,0.61,1.45
93,2021-05-10,545361,677651,,ball,12,Mike Trout walks.,1,1,0,3,4,0.12,3.98
94,2021-05-10,545361,677651,,called_strike,1,Mike Trout walks.,1,0,0,2,4,-0.29,3.01
95,2021-05-10,545361,677651,,ball,14,Mike Trout walks.,0,0,0,1,4,1.15,1.62
96,2021-05-10,545361,677651,field_out,hit_into_play,9,"Mike Trout grounds out, second baseman Jose Altuve to first baseman Yuli Gurriel.",1,2,2,4,1,0.28,1.51
97,2021-05-10,545361,592288,strikeout,called_strike,2,Mike Trout called out on strikes.,0,2,0,3,9,-0.21,3.39
98,2021-05-10,545361,592288,,called_strike,2,Mike Trout called out on strikes.,0,1,0,2,9,0.14,3.43
99,2021-05-10,545361,677651,,ball,12,"Mike Trout grounds out, second baseman Jose Altuve to first baseman Yuli Gurriel.",0,2,2,3,1,1.1,3.41
100,2021-05-10,545361,548384,walk,ball,12,Mike Trout walks.,3,2,0,6,7,0.87,3.79
101,2021-05-10,545361,677651,,foul,8,"Mike Trout grounds out, second baseman Jose Altuve to first baseman Yuli Gurriel.",0,1,2,2,1,-0.25,1.77
102,2021-05-10,545361,548384,,ball,2,Mike Trout walks.,2,2,0,5,7,-0.23,3.59
103,2021-05-10,545361,592288,,called_strike,8,Mike Trout called out on strikes.,0,0,0,1,9,-0.07,2.09
104,2021-05-10,545361,677651,,called_strike,8,"Mike Trout grounds out, second baseman Jose Altuve to first baseman Yuli Gurriel.",0,0,2,1,1,0.27,2.13
105,2021-05-10,545361,548384,,foul,2,Mike Trout walks.,2,1,0,4,7,0.15,3.05
106,2021-05-10,545361,548384,,called_strike,3,Mike Trout walks.,2,0,0,3,7,0.33,3.37
107,2021-05-10,545361,548384,,ball,13,Mike Trout walks.,1,0,0,2,7,-1.49,2.29
108,2021-05-10,545361,548384,,ball,11,Mike Trout walks.,0,0,0,1,7,-1.32,2.88
109,2021-05-09,545361,545333,strikeout,swinging_strike,2,Mike Trout strikes out swinging.,3,2,0,6,6,-0.19,3.25
110,2021-05-09,545361,545333,,swinging_strike,3,Mike Trout strikes out swinging.,3,1,0,5,6,0.35,3.38
111,2021-05-09,545361,545333,,ball,12,Mike Trout strikes out swinging.,2,1,0,4,6,0.28,3.99
112,2021-05-09,545361,545333,,swinging_strike,2,Mike Trout strikes out swinging.,2,0,0,3,6,0.11,3.49
113,2021-05-09,545361,545333,,ball,14,Mike Trout strikes out swinging.,1,0,0,2,6,1.01,2.6
114,2021-05-09,545361,545333,,ball,12,Mike Trout strikes out swinging.,0,0,0,1,6,0.14,4.13
115,2021-05-09,545361,545333,walk,ball,14,Mike Trout walks.   David Fletcher to 3rd.    Shohei Ohtani to 2nd.,3,1,2,5,3,1.03,2.34
116,2021-05-09,545361,545333,,ball,14,Mike Trout walks.   David Fletcher to 3rd.    Shohei Ohtani to 2nd.,2,1,2,4,3,0.86,1.06
117,2021-05-09,545361,545333,,ball,11,Mike Trout walks.   David Fletcher to 3rd.    Shohei Ohtani to 2nd.,1,1,2,3,3,-0.42,4.67
118,2021-05-09,545361,545333,,ball,11,Mike Trout walks.   David Fletcher to 3rd.    Shohei Ohtani to 2nd.,0,1,2,2,3,-1.3,5.36
119,2021-05-09,545361,545333,,foul,8,Mike Trout walks.   David Fletcher to 3rd.    Shohei Ohtani to 2nd.,0,0,2,1,3,-0.12,1.81
120,2021-05-09,545361,445276,strikeout,swinging_strike,6,Mike Trout strikes out swinging.,2,2,1,6,8,0.72,2.66
121,2021-05-09,545361,445276,,ball,14,Mike Trout strikes out swinging.,1,2,1,5,8,2.17,2.01
122,2021-05-09,545361,445276,,foul,3,Mike Trout strikes out swinging.,1,2,1,4,8,0.51,3.36
123,2021-05-09,545361,445276,,called_strike,8,Mike Trout strikes out swinging.,1,1,1,3,8,0.23,2.07
124,2021-05-09,545361,545333,field_out,hit_into_play,14,"Mike Trout grounds out, shortstop Corey Seager to first baseman Max Muncy.   Shohei Ohtani to 2nd.",2,1,1,4,1,0.89,1.18
125,2021-05-09,545361,445276,,ball,12,Mike Trout strikes out swinging.,0,1,1,2,8,1.87,2.84
126,2021-05-09,545361,545333,,ball,14,"Mike Trout grounds out, shortstop Corey Seager to first baseman Max Muncy.   Shohei Ohtani to 2nd.",1,1,1,3,1,1.02,1.28
127,2021-05-09,545361,545333,,called_strike,3,"Mike Trout grounds out, shortstop Corey Seager to first baseman Max Muncy.   Shohei Ohtani to 2nd.",1,0,1,2,1,0.8,3.17
128,2021-05-09,545361,445276,,swinging_strike,3,Mike Trout strikes out swinging.,0,0,1,1,8,0.41,3.0
129,2021-05-09,545361,545333,,ball,3,"Mike Trout grounds out, shortstop Corey Seager to first baseman Max Muncy.   Shohei Ohtani to 2nd.",0,0,1,1,1,0.53,3.57
130,2021-05-08,545361,477132,single,hit_into_play,11,Mike Trout singles on a fly ball to right fielder Mookie Betts.   David Fletcher to 2nd.,2,1,1,4,4,-0.94,2.79
131,2021-05-08,545361,477132,,blocked_ball,14,Mike Trout singles on a fly ball to right fielder Mookie Betts.   David Fletcher to 2nd.,1,1,1,3,4,0.34,0.91
132,2021-05-08,545361,477132,,foul,7,Mike Trout singles on a fly ball to right fielder Mookie Betts.   David Fletcher to 2nd.,1,0,1,2,4,-0.48,2.11
133,2021-05-08,545361,477132,,ball,12,Mike Trout singles on a fly ball to right fielder Mookie Betts.   David Fletcher to 2nd.,0,0,1,1,4,1.07,4.02
134,2021-05-08,545361,477132,strikeout,called_strike,4,Mike Trout called out on strikes.,2,2,2,6,1,-0.47,2.96
135,2021-05-08,545361,477132,,foul,5,Mike Trout called out on strikes.,2,2,2,5,1,-0.12,2.75
136,2021-05-08,545361,477132,,ball,13,Mike Trout called out on strikes.,1,2,2,4,1,-0.26,0.87
137,2021-05-08,545361,477132,,foul,7,Mike Trout called out on strikes.,1,1,2,3,1,-0.3,2.08
138,2021-05-08,545361,477132,,foul,1,Mike Trout called out on strikes.,1,0,2,2,1,-0.8,2.93
139,2021-05-08,545361,477132,,ball,11,Mike Trout called out on strikes.,0,0,2,1,1,-0.2,4.62
140,2021-05-07,545361,628711,single,hit_into_play,2,Mike Trout singles on a sharp ground ball to left fielder AJ Pollock.   Shohei Ohtani to 3rd.,1,2,1,4,5,-0.08,3.24
141,2021-05-07,545361,628711,,blocked_ball,13,Mike Trout singles on a sharp ground ball to left fielder AJ Pollock.   Shohei Ohtani to 3rd.,0,2,1,3,5,-0.33,0.96
142,2021-05-07,545361,628711,,called_strike,1,Mike Trout singles on a sharp ground ball to left fielder AJ Pollock.   Shohei Ohtani to 3rd.,0,1,1,2,5,-0.52,3.12
143,2021-05-07,545361,628711,,foul,8,Mike Trout singles on a sharp ground ball to left fielder AJ Pollock.   Shohei Ohtani to 3rd.,0,0,1,1,5,-0.1,2.06
144,2021-05-07,545361,628711,field_out,hit_into_play,1,"Mike Trout grounds out softly, pitcher Julio Urias to first baseman Max Muncy.",0,1,0,2,3,-0.5,3.31
145,2021-05-07,545361,628711,,called_strike,8,"Mike Trout grounds out softly, pitcher Julio Urias to first baseman Max Muncy.",0,0,0,1,3,0.17,1.92
146,2021-05-07,545361,523260,triple,hit_into_play,14,Mike Trout triples (1) on a line drive to left fielder AJ Pollock.   Shohei Ohtani scores.,3,2,2,6,6,0.12,1.32
147,2021-05-07,545361,523260,,called_strike,9,Mike Trout triples (1) on a line drive to left fielder AJ Pollock.   Shohei Ohtani scores.,3,1,2,5,6,0.51,1.85
148,2021-05-07,545361,523260,,ball,13,Mike Trout triples (1) on a line drive to left fielder AJ Pollock.   Shohei Ohtani scores.,2,1,2,4,6,-0.93,1.82
149,2021-05-07,545361,523260,,ball,9,Mike Trout triples (1) on a line drive to left fielder AJ Pollock.   Shohei Ohtani scores.,1,1,2,3,6,0.63,1.64
150,2021-05-07,545361,523260,,foul,4,Mike Trout triples (1) on a line drive to left fielder AJ Pollock.   Shohei Ohtani scores.,1,0,2,2,6,-0.7,2.57
151,2021-05-07,545361,523260,,ball,11,Mike Trout triples (1) on a line drive to left fielder AJ Pollock.   Shohei Ohtani scores.,0,0,2,1,6,-1.87,3.2
152,2021-05-07,545361,628711,field_out,hit_into_play,2,Mike Trout pops out to second baseman Gavin Lux.,2,1,2,4,1,-0.03,3.04
153,2021-05-07,545361,628711,,foul_tip,1,Mike Trout pops out to second baseman Gavin Lux.,2,0,2,3,1,-0.34,2.93
154,2021-05-07,545361,628711,,ball,11,Mike Trout pops out to second baseman Gavin Lux.,1,0,2,2,1,-0.25,3.96
155,2021-05-07,545361,628711,,ball,11,Mike Trout pops out to second baseman Gavin Lux.,0,0,2,1,1,-0.26,3.78
156,2021-05-06,545361,676596,strikeout,swinging_strike,14,Mike Trout strikes out swinging.,1,2,1,4,6,1.44,1.48
157,2021-05-06,545361,676596,,ball,12,Mike Trout strikes out swinging.,0,2,1,3,6,1.29,2.52
158,2021-05-06,545361,676596,,called_strike,14,Mike Trout strikes out swinging.,0,1,1,2,6,1.02,2.32
159,2021-05-06,545361,676596,,foul,6,Mike Trout strikes out swinging.,0,0,1,1,6,0.34,2.39
160,2021-05-06,545361,519326,strikeout,called_strike,3,Mike Trout called out on strikes.,3,2,2,8,8,0.47,3.41
161,2021-05-06,545361,519326,,foul,6,Mike Trout called out on strikes.,3,2,2,7,8,0.46,2.85
162,2021-05-06,545361,519326,,foul,9,Mike Trout called out on strikes.,3,2,2,6,8,0.79,2.03
163,2021-05-06,545361,519326,,blocked_ball,14,Mike Trout called out on strikes.,2,2,2,5,8,1.06,0.22
164,2021-05-06,545361,519326,,called_strike,14,Mike Trout called out on strikes.,2,1,2,4,8,0.97,1.6
165,2021-05-06,545361,676596,field_out,hit_into_play,14,"Mike Trout grounds out, third baseman Joey Wendle to first baseman Yandy Diaz.",1,1,2,3,3,0.89,1.68
166,2021-05-06,545361,519326,,swinging_strike,4,Mike Trout called out on strikes.,2,0,2,3,8,-0.63,2.84
167,2021-05-06,545361,676596,,ball,12,"Mike Trout grounds out, third baseman Joey Wendle to first baseman Yandy Diaz.",0,1,2,2,3,0.34,4.16
168,2021-05-06,545361,519326,,ball,12,Mike Trout called out on strikes.,1,0,2,2,8,1.19,2.64
169,2021-05-06,545361,676596,,called_strike,6,"Mike Trout grounds out, third baseman Joey Wendle to first baseman Yandy Diaz.",0,0,2,1,3,0.41,2.7
170,2021-05-06,545361,519326,,ball,14,Mike Trout called out on strikes.,0,0,2,1,8,1.08,1.03
171,2021-05-06,545361,543521,strikeout,swinging_strike_blocked,14,Mike Trout strikes out swinging.,0,2,2,3,1,1.35,0.63
172,2021-05-06,545361,543521,,called_strike,3,Mike Trout strikes out swinging.,0,1,2,2,1,0.36,3.12
173,2021-05-06,545361,543521,,called_strike,7,Mike Trout strikes out swinging.,0,0,2,1,1,-0.59,2.1
174,2021-05-05,545361,642232,hit_by_pitch,hit_by_pitch,11,Mike Trout hit by pitch.,1,2,1,4,5,-1.64,3.61
175,2021-05-05,545361,642232,,swinging_strike,7,Mike Trout hit by pitch.,1,1,1,3,5,-0.54,1.84
176,2021-05-05,545361,642232,,called_strike,6,Mike Trout hit by pitch.,1,0,1,2,5,0.31,2.84
177,2021-05-05,545361,642232,,ball,11,Mike Trout hit by pitch.,0,0,1,1,5,-0.85,2.75
178,2021-05-05,545361,657044,strikeout,swinging_strike,14,Mike Trout strikes out swinging.,2,2,2,6,7,0.96,2.29
179,2021-05-05,545361,657044,,ball,12,Mike Trout strikes out swinging.,1,2,2,5,7,1.19,3.46
180,2021-05-05,545361,657044,,ball,12,Mike Trout strikes out swinging.,0,2,2,4,7,2.13,2.74
181,2021-05-05,545361,657044,,foul,2,Mike Trout strikes out swinging.,0,2,2,3,7,0.02,2.9
182,2021-05-05,545361,657044,,called_strike,5,Mike Trout strikes out swinging.,0,1,2,2,7,0.27,2.52
183,2021-05-05,545361,657044,,called_strike,5,Mike Trout strikes out swinging.,0,0,2,1,7,0.24,2.71
184,2021-05-05,545361,552640,field_out,hit_into_play,8,Mike Trout lines out sharply to center fielder Kevin Kiermaier.,1,0,2,2,1,-0.07,1.67
185,2021-05-05,545361,552640,,ball,13,Mike Trout lines out sharply to center fielder Kevin Kiermaier.,0,0,2,1,1,-1.1,2.49
186,2021-05-04,545361,663556,strikeout,swinging_strike,7,Mike Trout strikes out swinging.,2,2,0,5,4,-0.46,1.71
187,2021-05-04,545361,663556,,ball,11,Mike Trout strikes out swinging.,1,2,0,4,4,-0.97,2.93
188,2021-05-04,545361,663556,,ball,13,Mike Trout strikes out swinging.,0,2,0,3,4,-1.38,0.73
189,2021-05-04,545361,663556,,foul,2,Mike Trout strikes out swinging.,0,1,0,2,4,0.16,3.02
190,2021-05-04,545361,663556,,called_strike,2,Mike Trout strikes out swinging.,0,0,0,1,4,0.11,2.99
191,2021-05-04,545361,672715,home_run,hit_into_play,5,Mike Trout homers (8) on a fly ball to left field.,2,2,1,5,6,0.02,2.72
192,2021-05-04,545361,672715,,called_strike,6,Mike Trout homers (8) on a fly ball to left field.,2,1,1,4,6,0.29,2.37
193,2021-05-04,545361,672715,,foul,8,Mike Trout homers (8) on a fly ball to left field.,2,0,1,3,6,-0.24,2.05
194,2021-05-04,545361,672715,,ball,14,Mike Trout homers (8) on a fly ball to left field.,1,0,1,2,6,0.88,1.79
195,2021-05-04,545361,672715,,ball,13,Mike Trout homers (8) on a fly ball to left field.,0,0,1,1,6,-1.27,2.58
196,2021-05-04,545361,663556,walk,ball,13,Mike Trout walks.,3,1,1,5,1,-0.34,0.84
197,2021-05-04,545361,663556,,blocked_ball,13,Mike Trout walks.,2,1,1,4,1,-0.51,0.7
198,2021-05-04,545361,663556,,blocked_ball,14,Mike Trout walks.,1,1,1,3,1,1.0,0.1
199,2021-05-04,545361,663556,,called_strike,13,Mike Trout walks.,1,0,1,2,1,-0.86,2.18
200,2021-05-04,545361,642003,strikeout,called_strike,1,Mike Trout called out on strikes.,0,2,0,3,8,-0.34,3.19
201,2021-05-04,545361,663556,,ball,12,Mike Trout walks.,0,0,1,1,1,0.95,4.85
202,2021-05-04,545361,642003,,foul,5,Mike Trout called out on strikes.,0,1,0,2,8,-0.07,2.43
203,2021-05-04,545361,642003,,called_strike,5,Mike Trout called out on strikes.,0,0,0,1,8,-0.18,2.87
204,2021-05-03,545361,607192,strikeout,swinging_strike,3,Mike Trout strikes out swinging.,2,2,0,5,6,0.32,3.37
205,2021-05-03,545361,607192,,ball,3,Mike Trout strikes out swinging.,1,2,0,4,6,0.76,2.94
206,2021-05-03,545361,607192,,called_strike,14,Mike Trout strikes out swinging.,1,1,0,3,6,0.84,2.26
207,2021-05-03,545361,607192,,called_strike,1,Mike Trout strikes out swinging.,1,0,0,2,6,-0.3,3.18
208,2021-05-03,545361,607192,,ball,12,Mike Trout strikes out swinging.,0,0,0,1,6,0.48,4.57
209,2021-05-03,545361,607192,strikeout,swinging_strike,14,Mike Trout strikes out swinging.,1,2,2,4,3,0.84,1.53
210,2021-05-03,545361,607192,,blocked_ball,14,Mike Trout strikes out swinging.,0,2,2,3,3,1.04,-3.37
211,2021-05-03,545361,607192,,swinging_strike,6,Mike Trout strikes out swinging.,0,1,2,2,3,0.77,2.87
212,2021-05-03,545361,607192,,called_strike,5,Mike Trout strikes out swinging.,0,0,2,1,3,0.22,2.9
213,2021-05-03,545361,605488,single,hit_into_play,9,Mike Trout singles on a line drive to left fielder Brett Phillips.,1,1,2,3,8,0.68,2.17
214,2021-05-03,545361,605488,,ball,1,Mike Trout singles on a line drive to left fielder Brett Phillips.,0,1,2,2,8,-0.33,3.38
215,2021-05-03,545361,605488,,called_strike,8,Mike Trout singles on a line drive to left fielder Brett Phillips.,0,0,2,1,8,-0.01,1.73
216,2021-05-03,545361,607192,walk,ball,11,Mike Trout walks.,3,2,2,6,1,-0.85,3.6
217,2021-05-03,545361,607192,,swinging_strike,6,Mike Trout walks.,3,1,2,5,1,0.31,2.58
218,2021-05-03,545361,607192,,ball,14,Mike Trout walks.,2,1,2,4,1,1.77,0.6
219,2021-05-03,545361,607192,,ball,14,Mike Trout walks.,1,1,2,3,1,0.11,0.76
220,2021-05-03,545361,607192,,swinging_strike,1,Mike Trout walks.,1,0,2,2,1,-0.39,3.13
221,2021-05-03,545361,607192,,ball,14,Mike Trout walks.,0,0,1,1,1,0.19,1.1
222,2021-05-02,545361,656954,field_out,hit_into_play,5,"Mike Trout grounds out sharply, shortstop J.  P. Crawford to first baseman Ty France.",3,2,2,7,5,0.03,2.23
223,2021-05-02,545361,656954,,ball,13,"Mike Trout grounds out sharply, shortstop J.  P. Crawford to first baseman Ty France.",2,2,2,6,5,-1.32,1.05
224,2021-05-02,545361,656954,,ball,12,"Mike Trout grounds out sharply, shortstop J.  P. Crawford to first baseman Ty France.",1,2,2,5,5,1.0,5.41
225,2021-05-02,545361,656954,,foul,6,"Mike Trout grounds out sharply, shortstop J.  P. Crawford to first baseman Ty France.",1,2,2,4,5,0.44,2.22
226,2021-05-02,545361,656954,,foul,6,"Mike Trout grounds out sharply, shortstop J.  P. Crawford to first baseman Ty France.",1,1,2,3,5,0.48,2.3
227,2021-05-02,545361,656954,,ball,12,"Mike Trout grounds out sharply, shortstop J.  P. Crawford to first baseman Ty France.",0,1,2,2,5,0.91,2.75
228,2021-05-02,545361,656954,,swinging_strike,14,"Mike Trout grounds out sharply, shortstop J.  P. Crawford to first baseman Ty France.",0,0,2,1,5,0.13,1.25
229,2021-05-02,545361,656954,walk,ball,12,Mike Trout walks.   Shohei Ohtani to 2nd.,3,1,0,5,3,0.54,3.95
230,2021-05-02,545361,656954,,ball,14,Mike Trout walks.   Shohei Ohtani to 2nd.,2,1,0,4,3,1.4,2.01
231,2021-05-02,545361,656954,,ball,12,Mike Trout walks.   Shohei Ohtani to 2nd.,1,1,0,3,3,0.35,4.6
232,2021-05-02,545361,656954,,ball,14,Mike Trout walks.   Shohei Ohtani to 2nd.,0,1,0,2,3,1.29,2.12
233,2021-05-02,545361,656954,,called_strike,14,Mike Trout walks.   Shohei Ohtani to 2nd.,0,0,0,1,3,0.92,2.15
234,2021-05-02,545361,656954,field_out,hit_into_play,6,"Mike Trout grounds out, third baseman Kyle Seager to first baseman Ty France.",3,2,1,6,1,0.71,2.62
235,2021-05-02,545361,656954,,foul,3,"Mike Trout grounds out, third baseman Kyle Seager to first baseman Ty France.",3,1,1,5,1,0.59,3.06
236,2021-05-02,545361,656954,,ball,3,"Mike Trout grounds out, third baseman Kyle Seager to first baseman Ty France.",2,1,1,4,1,0.42,3.42
237,2021-05-02,545361,656954,,ball,11,"Mike Trout grounds out, third baseman Kyle Seager to first baseman Ty France.",1,1,1,3,1,-0.15,3.97
238,2021-05-02,545361,656954,,foul,8,"Mike Trout grounds out, third baseman Kyle Seager to first baseman Ty France.",1,0,1,2,1,-0.08,2.02
239,2021-05-02,545361,656954,,ball,11,"Mike Trout grounds out, third baseman Kyle Seager to first baseman Ty France.",0,0,1,1,1,-0.97,2.96
240,2021-05-02,545361,608665,field_out,hit_into_play,13,Mike Trout grounds out softly to first baseman Ty France.,2,1,0,4,8,-1.04,2.32
241,2021-05-02,545361,608665,,ball,14,Mike Trout grounds out softly to first baseman Ty France.,1,1,0,3,8,0.86,1.58
242,2021-05-02,545361,608665,,ball,14,Mike Trout grounds out softly to first baseman Ty France.,0,1,0,2,8,0.1,-0.04
243,2021-05-02,545361,608665,,called_strike,5,Mike Trout grounds out softly to first baseman Ty France.,0,0,0,1,8,-0.17,2.65
244,2021-05-01,545361,667498,strikeout,called_strike,7,Mike Trout called out on strikes.   David Fletcher to 3rd.  David Fletcher steals (1) 2nd base.   David Fletcher to 3rd.  Throwing error by catcher Tom Murphy.,3,2,1,7,4,-0.51,1.79
245,2021-05-01,545361,667498,,foul,14,Mike Trout called out on strikes.   David Fletcher to 3rd.  David Fletcher steals (1) 2nd base.   David Fletcher to 3rd.  Throwing error by catcher Tom Murphy.,3,2,1,6,4,1.06,1.91
246,2021-05-01,545361,667498,,ball,12,Mike Trout called out on strikes.   David Fletcher to 3rd.  David Fletcher steals (1) 2nd base.   David Fletcher to 3rd.  Throwing error by catcher Tom Murphy.,2,2,1,5,4,0.88,3.31
247,2021-05-01,545361,667498,,foul,8,Mike Trout called out on strikes.   David Fletcher to 3rd.  David Fletcher steals (1) 2nd base.   David Fletcher to 3rd.  Throwing error by catcher Tom Murphy.,2,1,1,4,4,0.06,1.62
248,2021-05-01,545361,664714,home_run,hit_into_play,2,Mike Trout homers (7) on a fly ball to center field.   Shohei Ohtani scores.,2,2,1,5,1,-0.01,2.99
249,2021-05-01,545361,667498,,swinging_strike,14,Mike Trout called out on strikes.   David Fletcher to 3rd.  David Fletcher steals (1) 2nd base.   David Fletcher to 3rd.  Throwing error by catcher Tom Murphy.,2,0,1,3,4,0.91,1.53
250,2021-05-01,545361,667498,,ball,1,Mike Trout called out on strikes.   David Fletcher to 3rd.  David Fletcher steals (1) 2nd base.   David Fletcher to 3rd.  Throwing error by catcher Tom Murphy.,1,0,1,2,4,-0.54,3.46
251,2021-05-01,545361,664714,,ball,14,Mike Trout homers (7) on a fly ball to center field.   Shohei Ohtani scores.,1,2,1,4,1,1.06,1.33
252,2021-05-01,545361,664714,,called_strike,5,Mike Trout homers (7) on a fly ball to center field.   Shohei Ohtani scores.,1,1,1,3,1,-0.2,2.83
253,2021-05-01,545361,667498,,ball,14,Mike Trout called out on strikes.   David Fletcher to 3rd.  David Fletcher steals (1) 2nd base.   David Fletcher to 3rd.  Throwing error by catcher Tom Murphy.,0,0,1,1,4,1.02,0.71
254,2021-05-01,545361,664714,,ball,11,Mike Trout homers (7) on a fly ball to center field.   Shohei Ohtani scores.,0,1,1,2,1,-0.56,4.4
255,2021-05-01,545361,664714,,foul,8,Mike Trout homers (7) on a fly ball to center field.   Shohei Ohtani scores.,0,0,1,1,1,0.19,1.99
256,2021-05-01,545361,593619,field_out,hit_into_play,5,"Mike Trout grounds out sharply, third baseman Dylan Moore to first baseman Ty France.",0,1,1,2,9,-0.06,2.2
257,2021-05-01,545361,593619,,called_strike,7,"Mike Trout grounds out sharply, third baseman Dylan Moore to first baseman Ty France.",0,0,1,1,9,-0.38,1.97
258,2021-05-01,545361,641871,single,hit_into_play,6,Mike Trout singles on a sharp line drive to right fielder Mitch Haniger.,0,1,1,2,6,0.53,2.25
259,2021-05-01,545361,641871,,foul,2,Mike Trout singles on a sharp line drive to right fielder Mitch Haniger.,0,0,1,1,6,0.21,3.07
260,2021-04-30,545361,623167,field_out,hit_into_play,14,Mike Trout lines out to right fielder Mitch Haniger.,2,2,1,5,3,1.28,2.08
261,2021-04-30,545361,623167,,foul,8,Mike Trout lines out to right fielder Mitch Haniger.,2,1,1,4,3,-0.01,1.54
262,2021-04-30,545361,623167,,ball,13,Mike Trout lines out to right fielder Mitch Haniger.,1,1,1,3,3,-0.76,1.06
263,2021-04-30,545361,623167,,ball,14,Mike Trout lines out to right fielder Mitch Haniger.,0,1,1,2,3,0.72,-0.14
264,2021-04-30,545361,623167,,foul,5,Mike Trout lines out to right fielder Mitch Haniger.,0,0,1,1,3,0.1,2.67
265,2021-04-30,545361,623167,single,hit_into_play,8,Mike Trout singles on a line drive to left fielder Sam Haggerty.   David Fletcher to 2nd.,2,2,1,5,1,0.01,1.8
266,2021-04-30,545361,608716,strikeout,called_strike,1,Mike Trout called out on strikes.,0,2,0,3,6,-0.71,3.09
267,2021-04-30,545361,608716,,foul,3,Mike Trout called out on strikes.,0,1,0,2,6,0.67,2.92
268,2021-04-30,545361,623167,,ball,14,Mike Trout singles on a line drive to left fielder Sam Haggerty.   David Fletcher to 2nd.,1,2,1,4,1,1.32,2.6
269,2021-04-30,545361,608716,,called_strike,12,Mike Trout called out on strikes.,0,0,0,1,6,0.83,3.1
270,2021-04-30,545361,623167,,ball,12,Mike Trout singles on a line drive to left fielder Sam Haggerty.   David Fletcher to 2nd.,0,2,1,3,1,0.38,4.73
271,2021-04-30,545361,623167,,foul,8,Mike Trout singles on a line drive to left fielder Sam Haggerty.   David Fletcher to 2nd.,0,1,1,2,1,-0.1,2.17
272,2021-04-30,545361,623167,,foul,6,Mike Trout singles on a line drive to left fielder Sam Haggerty.   David Fletcher to 2nd.,0,0,1,1,1,0.37,2.86
273,2021-04-30,545361,606160,double,hit_into_play,8,Mike Trout doubles (8) on a sharp ground ball to left fielder Sam Haggerty.,1,0,0,2,9,-0.02,1.52
274,2021-04-30,545361,606160,,ball,14,Mike Trout doubles (8) on a sharp ground ball to left fielder Sam Haggerty.,0,0,0,1,9,0.8,1.6
275,2021-04-28,545361,641540,field_out,hit_into_play,8,"Mike Trout grounds out, third baseman Brock Holt to first baseman Nate Lowe.",1,1,2,3,5,-0.14,2.01
276,2021-04-28,545361,641540,,ball,14,"Mike Trout grounds out, third baseman Brock Holt to first baseman Nate Lowe.",0,1,2,2,5,1.58,1.71
277,2021-04-28,545361,641540,,called_strike,9,"Mike Trout grounds out, third baseman Brock Holt to first baseman Nate Lowe.",0,0,2,1,5,0.6,2.16
278,2021-04-28,545361,641540,strikeout,called_strike,8,Mike Trout called out on strikes.,1,2,2,4,2,-0.21,1.78
279,2021-04-28,545361,641540,,ball,11,Mike Trout called out on strikes.,0,2,2,3,2,-1.67,2.64
280,2021-04-28,545361,641540,,foul,14,Mike Trout called out on strikes.,0,1,2,2,2,1.0,1.69
281,2021-04-28,545361,641540,,called_strike,3,Mike Trout called out on strikes.,0,0,2,1,2,0.74,3.19
282,2021-04-28,545361,663465,strikeout,swinging_strike,13,Mike Trout strikes out swinging.,3,2,0,6,8,-0.2,1.21
283,2021-04-28,545361,663465,,ball,12,Mike Trout strikes out swinging.,2,2,0,5,8,1.44,3.2
284,2021-04-28,545361,663465,,ball,12,Mike Trout strikes out swinging.,1,2,0,4,8,0.26,3.66
285,2021-04-28,545361,663465,,foul,2,Mike Trout strikes out swinging.,1,1,0,3,8,0.07,3.57
286,2021-04-28,545361,663465,,foul,4,Mike Trout strikes out swinging.,1,0,0,2,8,-0.36,2.3
287,2021-04-28,545361,663465,,ball,3,Mike Trout strikes out swinging.,0,0,0,1,8,0.55,3.41
288,2021-04-28,545361,641540,single,hit_into_play,8,Mike Trout singles on a sharp ground ball to center fielder Adolis Garcia.   David Fletcher to 2nd.,0,0,1,1,1,-0.13,1.79
289,2021-04-27,545361,592314,single,hit_into_play,5,Mike Trout singles on a ground ball to shortstop Isiah Kiner-Falefa.   Jose Iglesias to 3rd.    Anthony Bemboom to 2nd.,0,0,2,1,5,0.08,2.54
290,2021-04-27,545361,592314,double,hit_into_play,8,Mike Trout doubles (7) on a sharp line drive to left fielder Adolis Garcia.,0,1,2,2,3,0.0,1.69
291,2021-04-27,545361,592314,,called_strike,6,Mike Trout doubles (7) on a sharp line drive to left fielder Adolis Garcia.,0,0,2,1,3,0.58,2.41
292,2021-04-27,545361,667463,field_out,hit_into_play,5,"Mike Trout grounds out, second baseman Nick Solak to first baseman Nate Lowe.",1,1,2,3,7,0.24,2.76
293,2021-04-27,545361,667463,,called_strike,3,"Mike Trout grounds out, second baseman Nick Solak to first baseman Nate Lowe.",1,0,2,2,7,0.52,3.08
294,2021-04-27,545361,667463,,ball,14,"Mike Trout grounds out, second baseman Nick Solak to first baseman Nate Lowe.",0,0,2,1,7,0.03,0.99
295,2021-04-27,545361,592314,field_out,hit_into_play,11,"Mike Trout grounds out softly, second baseman Nick Solak to first baseman Nate Lowe.   David Fletcher to 3rd.",1,0,1,2,1,-1.07,3.28
296,2021-04-27,545361,592314,,ball,11,"Mike Trout grounds out softly, second baseman Nick Solak to first baseman Nate Lowe.   David Fletcher to 3rd.",0,0,1,1,1,-1.64,3.28
297,2021-04-26,545361,543475,double,hit_into_play,5,Mike Trout doubles (6) on a sharp line drive to left fielder David Dahl.   Kurt Suzuki scores.    David Fletcher to 3rd.,0,0,2,1,3,-0.24,2.4
298,2021-04-26,545361,660365,field_out,hit_into_play,5,Mike Trout flies out to right fielder Joey Gallo.,3,1,2,5,7,-0.05,2.36
299,2021-04-26,545361,660365,,called_strike,4,Mike Trout flies out to right fielder Joey Gallo.,3,0,2,4,7,-0.66,2.48
300,2021-04-26,545361,660365,,ball,12,Mike Trout flies out to right fielder Joey Gallo.,2,0,2,3,7,0.37,4.25
301,2021-04-26,545361,660365,,ball,13,Mike Trout flies out to right fielder Joey Gallo.,1,0,2,2,7,-1.38,1.49
302,2021-04-26,545361,660365,,ball,12,Mike Trout flies out to right fielder Joey Gallo.,0,0,2,1,7,0.56,4.7
303,2021-04-26,545361,543475,single,hit_into_play,11,Mike Trout singles on a fly ball to left fielder David Dahl.   Shohei Ohtani scores.,1,0,2,2,2,-0.97,2.6
304,2021-04-26,545361,543475,,ball,11,Mike Trout singles on a fly ball to left fielder David Dahl.   Shohei Ohtani scores.,0,0,2,1,2,-0.28,4.64
305,2021-04-26,545361,660365,single,hit_into_play,7,Mike Trout singles on a ground ball to second baseman Nick Solak.   Shohei Ohtani to 2nd.,2,2,0,5,6,-0.38,1.92
306,2021-04-26,545361,660365,,foul,7,Mike Trout singles on a ground ball to second baseman Nick Solak.   Shohei Ohtani to 2nd.,2,1,0,4,6,-0.43,1.92
307,2021-04-26,545361,660365,,foul,7,Mike Trout singles on a ground ball to second baseman Nick Solak.   Shohei Ohtani to 2nd.,2,0,0,3,6,-0.33,1.97
308,2021-04-26,545361,660365,,ball,13,Mike Trout singles on a ground ball to second baseman Nick Solak.   Shohei Ohtani to 2nd.,1,0,0,2,6,-1.32,1.95
309,2021-04-26,545361,660365,,ball,13,Mike Trout singles on a ground ball to second baseman Nick Solak.   Shohei Ohtani to 2nd.,0,0,0,1,6,-0.94,1.06
310,2021-04-26,545361,543475,single,hit_into_play,5,Mike Trout singles on a line drive to center fielder Adolis Garcia.   Shohei Ohtani to 2nd.,2,0,1,3,1,-0.27,2.34
311,2021-04-26,545361,543475,,ball,14,Mike Trout singles on a line drive to center fielder Adolis Garcia.   Shohei Ohtani to 2nd.,1,0,1,2,1,1.66,2.38
312,2021-04-26,545361,543475,,ball,13,Mike Trout singles on a line drive to center fielder Adolis Garcia.   Shohei Ohtani to 2nd.,0,0,1,1,1,-0.5,1.1
313,2021-04-22,545361,664299,hit_by_pitch,hit_by_pitch,1,Mike Trout hit by pitch.,3,2,0,6,4,-0.82,3.48
314,2021-04-22,545361,664299,,foul,6,Mike Trout hit by pitch.,3,1,0,5,4,0.52,2.75
315,2021-04-22,545361,664299,,ball,12,Mike Trout hit by pitch.,2,1,0,4,4,0.16,4.08
316,2021-04-22,545361,664299,,ball,14,Mike Trout hit by pitch.,1,1,0,3,4,0.65,0.81
317,2021-04-22,545361,664299,,ball,11,Mike Trout hit by pitch.,0,1,0,2,4,-0.41,4.44
318,2021-04-22,545361,664299,,foul,5,Mike Trout hit by pitch.,0,0,0,1,4,0.09,2.51
319,2021-04-22,545361,664299,walk,ball,11,Mike Trout walks.,3,1,2,5,1,-0.34,3.83
320,2021-04-22,545361,664299,,called_strike,1,Mike Trout walks.,3,0,2,4,1,-0.61,3.26
321,2021-04-22,545361,664299,,ball,11,Mike Trout walks.,2,0,2,3,1,-0.61,3.79
322,2021-04-22,545361,664299,,ball,11,Mike Trout walks.,1,0,2,2,1,-1.04,3.09
323,2021-04-22,545361,664299,,ball,14,Mike Trout walks.,0,0,2,1,1,1.29,1.78
324,2021-04-21,545361,592314,field_out,hit_into_play,4,"Mike Trout grounds out, third baseman Charlie Culberson to first baseman Nate Lowe.",0,0,2,1,5,-0.52,2.39
325,2021-04-21,545361,592314,single,hit_into_play,5,Mike Trout singles on a ground ball to third baseman Charlie Culberson.,3,2,2,8,3,-0.21,2.29
326,2021-04-21,545361,592314,,foul,5,Mike Trout singles on a ground ball to third baseman Charlie Culberson.,3,2,2,7,3,-0.02,2.62
327,2021-04-21,545361,592314,,ball,12,Mike Trout singles on a ground ball to third baseman Charlie Culberson.,2,2,2,6,3,0.85,3.52
328,2021-04-21,545361,592314,,foul,1,Mike Trout singles on a ground ball to third baseman Charlie Culberson.,2,2,2,5,3,-0.3,3.09
329,2021-04-21,545361,592314,,swinging_strike,2,Mike Trout singles on a ground ball to third baseman Charlie Culberson.,2,1,2,4,3,0.1,3.15
330,2021-04-21,545361,592314,,ball,4,Mike Trout singles on a ground ball to third baseman Charlie Culberson.,1,1,2,3,3,-0.8,2.37
331,2021-04-21,545361,592314,,swinging_strike,5,Mike Trout singles on a ground ball to third baseman Charlie Culberson.,1,0,2,2,3,-0.01,2.59
332,2021-04-21,545361,592314,,ball,11,Mike Trout singles on a ground ball to third baseman Charlie Culberson.,0,0,2,1,3,-2.6,2.66
333,2021-04-21,545361,667463,field_out,hit_into_play,9,"Mike Trout grounds out sharply, shortstop Isiah Kiner-Falefa to first baseman Nate Lowe.",0,2,2,3,7,0.41,1.98
334,2021-04-21,545361,667463,,called_strike,1,"Mike Trout grounds out sharply, shortstop Isiah Kiner-Falefa to first baseman Nate Lowe.",0,1,2,2,7,-0.31,3.09
335,2021-04-21,545361,592314,home_run,hit_into_play,9,Mike Trout homers (6) on a fly ball to right center field.,0,0,2,1,1,0.5,1.97
336,2021-04-21,545361,667463,,called_strike,7,"Mike Trout grounds out sharply, shortstop Isiah Kiner-Falefa to first baseman Nate Lowe.",0,0,2,1,7,-0.58,1.81
337,2021-04-20,545361,543475,home_run,hit_into_play,5,Mike Trout homers (5) on a fly ball to left center field.,3,2,1,6,6,0.18,2.24
338,2021-04-20,545361,543475,,swinging_strike,2,Mike Trout homers (5) on a fly ball to left center field.,3,1,1,5,6,-0.01,2.98
339,2021-04-20,545361,543475,,called_strike,1,Mike Trout homers (5) on a fly ball to left center field.,3,0,1,4,6,-0.37,3.6
340,2021-04-20,545361,543475,,ball,11,Mike Trout homers (5) on a fly ball to left center field.,2,0,1,3,6,-1.27,3.24
341,2021-04-20,545361,543475,,ball,11,Mike Trout homers (5) on a fly ball to left center field.,1,0,1,2,6,-0.39,3.96
342,2021-04-20,545361,543475,,ball,11,Mike Trout homers (5) on a fly ball to left center field.,0,0,1,1,6,-0.56,4.09
343,2021-04-20,545361,621368,single,hit_into_play,13,Mike Trout singles on a ground ball to second baseman Nick Solak.,2,2,0,7,8,-0.92,2.44
344,2021-04-20,545361,621368,,ball,11,Mike Trout singles on a ground ball to second baseman Nick Solak.,1,2,0,6,8,-0.25,3.78
345,2021-04-20,545361,621368,,foul,8,Mike Trout singles on a ground ball to second baseman Nick Solak.,1,2,0,5,8,-0.15,2.02
346,2021-04-20,545361,621368,,foul,4,Mike Trout singles on a ground ball to second baseman Nick Solak.,1,2,0,4,8,-0.52,2.45
347,2021-04-20,545361,543475,double,hit_into_play,9,Mike Trout doubles (5) on a fly ball to left fielder David Dahl.,0,0,0,1,4,0.58,1.69
348,2021-04-20,545361,621368,,ball,13,Mike Trout singles on a ground ball to second baseman Nick Solak.,0,2,0,3,8,-1.02,0.73
349,2021-04-20,545361,621368,,called_strike,14,Mike Trout singles on a ground ball to second baseman Nick Solak.,0,1,0,2,8,0.91,2.51
350,2021-04-20,545361,621368,,called_strike,4,Mike Trout singles on a ground ball to second baseman Nick Solak.,0,0,0,1,8,-0.46,2.84
351,2021-04-20,545361,543475,strikeout,called_strike,7,Mike Trout called out on strikes.,1,2,1,4,1,-0.82,1.85
352,2021-04-20,545361,543475,,called_strike,1,Mike Trout called out on strikes.,1,1,1,3,1,-0.48,3.06
353,2021-04-20,545361,543475,,foul,14,Mike Trout called out on strikes.,1,0,1,2,1,0.02,1.22
354,2021-04-20,545361,543475,,ball,13,Mike Trout called out on strikes.,0,0,1,1,1,-0.78,0.99
355,2021-04-19,545361,685503,strikeout,swinging_strike_blocked,13,Mike Trout strikes out swinging.,2,2,2,6,4,-0.03,0.4
356,2021-04-19,545361,685503,,ball,11,Mike Trout strikes out swinging.,1,2,2,5,4,-1.4,2.62
357,2021-04-19,545361,685503,,foul,14,Mike Trout strikes out swinging.,1,2,2,4,4,0.68,1.13
358,2021-04-19,545361,685503,,ball,14,Mike Trout strikes out swinging.,0,2,2,3,4,1.15,0.87
359,2021-04-19,545361,685503,,foul,5,Mike Trout strikes out swinging.,0,1,2,2,4,0.04,2.84
360,2021-04-19,545361,685503,,called_strike,14,Mike Trout strikes out swinging.,0,0,2,1,4,0.87,2.18
361,2021-04-19,545361,685503,strikeout,swinging_strike,8,Mike Trout strikes out swinging.,3,2,2,7,1,-0.22,1.82
362,2021-04-19,545361,570257,strikeout,swinging_strike_blocked,13,Mike Trout strikes out swinging.,2,2,1,9,8,-0.37,0.53
363,2021-04-19,545361,685503,,foul,4,Mike Trout strikes out swinging.,3,2,2,6,1,-0.82,2.51
364,2021-04-19,545361,570257,,foul,13,Mike Trout strikes out swinging.,2,2,1,8,8,-0.61,1.01
365,2021-04-19,545361,685503,,ball,14,Mike Trout strikes out swinging.,2,2,2,5,1,1.03,-0.03
366,2021-04-19,545361,685503,,ball,14,Mike Trout strikes out swinging.,1,2,2,4,1,1.76,0.85
367,2021-04-19,545361,570257,,foul,13,Mike Trout strikes out swinging.,2,2,1,7,8,-0.92,1.4
368,2021-04-19,545361,685503,,ball,14,Mike Trout strikes out swinging.,0,2,2,3,1,0.5,-0.63
369,2021-04-19,545361,570257,,ball,13,Mike Trout strikes out swinging.,1,2,1,6,8,-0.92,0.68
370,2021-04-19,545361,570257,,foul,4,Mike Trout strikes out swinging.,1,2,1,5,8,-0.43,2.34
371,2021-04-19,545361,685503,,called_strike,13,Mike Trout strikes out swinging.,0,1,2,2,1,-0.86,2.54
372,2021-04-19,545361,570257,,foul,4,Mike Trout strikes out swinging.,1,2,1,4,8,-0.72,2.54
373,2021-04-19,545361,685503,,called_strike,6,Mike Trout strikes out swinging.,0,0,2,1,1,0.58,2.48
374,2021-04-19,545361,570257,,swinging_strike,2,Mike Trout strikes out swinging.,1,1,1,3,8,-0.23,3.11
375,2021-04-19,545361,570257,,called_strike,4,Mike Trout strikes out swinging.,1,0,1,2,8,-0.65,2.6
376,2021-04-19,545361,656685,field_out,hit_into_play,8,"Mike Trout grounds out, shortstop Isiah Kiner-Falefa to first baseman Nate Lowe.",0,2,0,3,7,0.28,1.81
377,2021-04-19,545361,570257,,ball,11,Mike Trout strikes out swinging.,0,0,1,1,8,0.0,3.82
378,2021-04-19,545361,656685,,swinging_strike,13,"Mike Trout grounds out, shortstop Isiah Kiner-Falefa to first baseman Nate Lowe.",0,1,0,2,7,-0.22,1.21
379,2021-04-19,545361,656685,,called_strike,1,"Mike Trout grounds out, shortstop Isiah Kiner-Falefa to first baseman Nate Lowe.",0,0,0,1,7,-0.79,3.27
380,2021-04-16,545361,626929,walk,ball,13,Mike Trout walks.,3,2,2,6,4,-1.27,0.22
381,2021-04-16,545361,626929,,ball,13,Mike Trout walks.,2,2,2,5,4,-0.88,1.65
382,2021-04-16,545361,626929,,swinging_strike,13,Mike Trout walks.,2,1,2,4,4,-0.56,0.67
383,2021-04-16,545361,626929,,foul,5,Mike Trout walks.,2,0,2,3,4,-0.15,2.47
384,2021-04-16,545361,626929,,ball,13,Mike Trout walks.,1,0,2,2,4,-1.09,2.0
385,2021-04-16,545361,626929,,ball,13,Mike Trout walks.,0,0,2,1,4,-0.13,1.47
386,2021-04-16,545361,677976,single,hit_into_play,8,Mike Trout singles on a ground ball to left fielder Kyle Garlick.   David Fletcher scores.    Shohei Ohtani scores.,1,1,0,3,6,-0.13,1.7
387,2021-04-16,545361,677976,,ball,14,Mike Trout singles on a ground ball to left fielder Kyle Garlick.   David Fletcher scores.    Shohei Ohtani scores.,0,1,0,2,6,0.67,1.09
388,2021-04-16,545361,677976,,called_strike,4,Mike Trout singles on a ground ball to left fielder Kyle Garlick.   David Fletcher scores.    Shohei Ohtani scores.,0,0,0,1,6,-0.73,2.41
389,2021-04-16,545361,626929,strikeout,swinging_strike,4,Mike Trout strikes out swinging.,0,2,2,3,1,-0.34,2.52
390,2021-04-16,545361,573204,,ball,13,Caleb Thielbar intentionally walks Mike Trout.,1,2,2,4,7,-0.73,0.23
391,2021-04-16,545361,626929,,swinging_strike,14,Mike Trout strikes out swinging.,0,1,2,2,1,0.12,1.34
392,2021-04-16,545361,573204,,ball,12,Caleb Thielbar intentionally walks Mike Trout.,0,2,2,3,7,0.21,4.36
393,2021-04-16,545361,626929,,called_strike,5,Mike Trout strikes out swinging.,0,0,2,1,1,0.18,2.59
394,2021-04-16,545361,573204,,foul,5,Caleb Thielbar intentionally walks Mike Trout.,0,1,2,2,7,-0.09,2.25
395,2021-04-16,545361,573204,,called_strike,8,Caleb Thielbar intentionally walks Mike Trout.,0,0,2,1,7,0.13,2.15
396,2021-04-14,545361,641745,single,hit_into_play,5,"Mike Trout singles on a line drive to center fielder Michael A.   Taylor, deflected by second baseman Whit Merrifield.",1,0,1,2,6,-0.27,2.87
397,2021-04-14,545361,641745,,ball,14,"Mike Trout singles on a line drive to center fielder Michael A.   Taylor, deflected by second baseman Whit Merrifield.",0,0,1,1,6,1.39,2.47
398,2021-04-14,545361,641745,strikeout,swinging_strike_blocked,14,Mike Trout strikes out swinging.,1,2,1,4,3,0.55,0.59
399,2021-04-14,545361,641745,,ball,12,Mike Trout strikes out swinging.,0,2,1,3,3,0.84,4.15
400,2021-04-14,545361,641745,,swinging_strike_blocked,14,Mike Trout strikes out swinging.,0,1,1,2,3,0.54,0.72
401,2021-04-14,545361,641745,,foul,4,Mike Trout strikes out swinging.,0,0,1,1,3,-0.79,2.19
402,2021-04-14,545361,641745,field_out,hit_into_play,2,Mike Trout flies out to center fielder Michael A.   Taylor.,0,0,1,1,1,0.17,2.89
403,2021-04-14,545361,622251,double,hit_into_play,8,Mike Trout doubles (4) on a sharp line drive to left fielder Andrew Benintendi.,0,1,1,2,8,0.09,1.88
404,2021-04-14,545361,622251,,called_strike,6,Mike Trout doubles (4) on a sharp line drive to left fielder Andrew Benintendi.,0,0,1,1,8,0.37,2.26
405,2021-04-13,545361,518633,strikeout,swinging_strike,7,Mike Trout strikes out swinging.,0,2,2,3,5,-0.47,1.6
406,2021-04-13,545361,518633,,foul_tip,1,Mike Trout strikes out swinging.,0,1,2,2,5,-0.64,3.47
407,2021-04-13,545361,518633,,called_strike,8,Mike Trout strikes out swinging.,0,0,2,1,5,0.27,1.81
408,2021-04-13,545361,518633,strikeout,swinging_strike_blocked,13,Mike Trout strikes out swinging.,2,2,1,6,3,-0.29,0.77
409,2021-04-13,545361,518633,,foul,4,Mike Trout strikes out swinging.,2,2,1,5,3,-0.75,2.75
410,2021-04-13,545361,518633,,foul,9,Mike Trout strikes out swinging.,2,1,1,4,3,0.34,1.54
411,2021-04-13,545361,518633,,ball,12,Mike Trout strikes out swinging.,1,1,1,3,3,0.55,3.79
412,2021-04-13,545361,518633,,ball,11,Mike Trout strikes out swinging.,0,1,1,2,3,-0.08,3.97
413,2021-04-13,545361,518633,,called_strike,4,Mike Trout strikes out swinging.,0,0,1,1,3,-0.72,2.56
414,2021-04-13,545361,518813,strikeout,swinging_strike,14,Mike Trout strikes out swinging.,2,2,1,6,9,1.0,2.23
415,2021-04-13,545361,518813,,ball,12,Mike Trout strikes out swinging.,1,2,1,5,9,0.81,3.96
416,2021-04-13,545361,518813,,ball,12,Mike Trout strikes out swinging.,0,2,1,4,9,0.1,6.1
417,2021-04-13,545361,518813,,foul,14,Mike Trout strikes out swinging.,0,2,1,3,9,0.45,0.8
418,2021-04-13,545361,518813,,swinging_strike,5,Mike Trout strikes out swinging.,0,1,1,2,9,-0.21,2.5
419,2021-04-13,545361,518813,,called_strike,3,Mike Trout strikes out swinging.,0,0,1,1,9,0.48,3.32
420,2021-04-13,545361,641394,strikeout,swinging_strike_blocked,13,Mike Trout strikes out swinging.,3,2,2,6,7,-1.21,0.88
421,2021-04-13,545361,518633,single,hit_into_play,3,Mike Trout singles on a line drive to right fielder Jarrod Dyson.   Shohei Ohtani to 2nd.,1,2,1,4,1,0.71,2.99
422,2021-04-13,545361,641394,,ball,11,Mike Trout strikes out swinging.,2,2,2,5,7,-0.24,4.52
423,2021-04-13,545361,641394,,ball,14,Mike Trout strikes out swinging.,1,2,2,4,7,1.41,0.61
424,2021-04-13,545361,518633,,ball,12,Mike Trout singles on a line drive to right fielder Jarrod Dyson.   Shohei Ohtani to 2nd.,0,2,1,3,1,1.63,3.81
425,2021-04-13,545361,641394,,foul,2,Mike Trout strikes out swinging.,1,1,2,3,7,0.13,3.3
426,2021-04-13,545361,518633,,foul,12,Mike Trout singles on a line drive to right fielder Jarrod Dyson.   Shohei Ohtani to 2nd.,0,1,1,2,1,0.88,3.04
427,2021-04-13,545361,641394,,ball,11,Mike Trout strikes out swinging.,0,1,2,2,7,-0.34,3.83
428,2021-04-13,545361,518633,,foul,6,Mike Trout singles on a line drive to right fielder Jarrod Dyson.   Shohei Ohtani to 2nd.,0,0,1,1,1,0.35,2.52
429,2021-04-13,545361,641394,,foul,1,Mike Trout strikes out swinging.,0,0,2,1,7,-0.74,3.43
430,2021-04-12,545361,663903,field_out,hit_into_play,1,Mike Trout pops out to first baseman Carlos Santana.,0,0,2,1,5,-0.38,3.02
431,2021-04-12,545361,663903,field_out,hit_into_play,9,"Mike Trout grounds out, shortstop Nicky Lopez to first baseman Carlos Santana.",0,0,2,1,3,0.73,1.62
432,2021-04-12,545361,623470,home_run,hit_into_play,8,Mike Trout homers (4) on a fly ball to left field.   Shohei Ohtani scores.,3,1,0,5,9,0.27,1.75
433,2021-04-12,545361,623470,,blocked_ball,14,Mike Trout homers (4) on a fly ball to left field.   Shohei Ohtani scores.,2,1,0,4,9,1.39,0.47
434,2021-04-12,545361,623470,,ball,12,Mike Trout homers (4) on a fly ball to left field.   Shohei Ohtani scores.,1,1,0,3,9,1.05,3.25
435,2021-04-12,545361,623470,,ball,12,Mike Trout homers (4) on a fly ball to left field.   Shohei Ohtani scores.,0,1,0,2,9,0.28,4.77
436,2021-04-12,545361,623470,,called_strike,8,Mike Trout homers (4) on a fly ball to left field.   Shohei Ohtani scores.,0,0,0,1,9,0.15,2.19
437,2021-04-12,545361,663903,strikeout,swinging_strike,14,Mike Trout strikes out swinging.,2,2,1,6,1,1.26,2.06
438,2021-04-12,545361,663903,,foul,11,Mike Trout strikes out swinging.,2,2,1,5,1,-1.11,3.06
439,2021-04-12,545361,663903,,blocked_ball,14,Mike Trout strikes out swinging.,1,2,1,4,1,2.96,-0.14
440,2021-04-12,545361,663903,,called_strike,8,Mike Trout strikes out swinging.,1,1,1,3,1,0.25,1.94
441,2021-04-12,545361,663903,,called_strike,8,Mike Trout strikes out swinging.,1,0,1,2,1,-0.25,1.64
442,2021-04-12,545361,663903,,ball,13,Mike Trout strikes out swinging.,0,0,1,1,1,-1.34,2.28
443,2021-04-10,545361,571927,field_out,hit_into_play,4,"Mike Trout grounds out, second baseman Marcus Semien to first baseman Rowdy Tellez.",1,0,2,2,3,-0.29,2.85
444,2021-04-10,545361,571927,,blocked_ball,13,"Mike Trout grounds out, second baseman Marcus Semien to first baseman Rowdy Tellez.",0,0,2,1,3,-1.41,0.92
445,2021-04-10,545361,571927,walk,ball,12,Mike Trout walks.,3,0,1,4,1,0.88,3.46
446,2021-04-10,545361,571927,,ball,11,Mike Trout walks.,2,0,1,3,1,-0.01,3.85
447,2021-04-10,545361,571927,,ball,11,Mike Trout walks.,1,0,1,2,1,-1.32,2.88
448,2021-04-10,545361,571927,,ball,12,Mike Trout walks.,0,0,1,1,1,0.24,4.92
449,2021-04-09,545361,643615,double,hit_into_play,6,Mike Trout doubles (3) on a line drive to center fielder Jonathan Davis.,1,1,0,3,5,0.56,2.56
450,2021-04-09,545361,643615,,swinging_strike,13,Mike Trout doubles (3) on a line drive to center fielder Jonathan Davis.,1,0,0,2,5,-1.14,1.41
451,2021-04-09,545361,643615,,ball,11,Mike Trout doubles (3) on a line drive to center fielder Jonathan Davis.,0,0,0,1,5,-0.75,3.62
452,2021-04-09,545361,643615,field_out,hit_into_play,8,Mike Trout flies out to center fielder Jonathan Davis.,1,2,2,4,2,0.02,2.18
453,2021-04-09,545361,643615,,called_strike,3,Mike Trout flies out to center fielder Jonathan Davis.,1,1,2,3,2,0.73,2.94
454,2021-04-09,545361,643615,,ball,14,Mike Trout flies out to center fielder Jonathan Davis.,0,1,2,2,2,0.47,0.9
455,2021-04-09,545361,643615,,foul,8,Mike Trout flies out to center fielder Jonathan Davis.,0,0,2,1,2,0.0,1.99
456,2021-04-09,545361,676709,field_out,hit_into_play,5,Mike Trout flies out sharply to center fielder Jonathan Davis.,1,1,1,3,9,-0.2,2.63
457,2021-04-09,545361,676709,,ball,11,Mike Trout flies out sharply to center fielder Jonathan Davis.,0,1,1,2,9,-0.96,3.26
458,2021-04-09,545361,676709,,called_strike,3,Mike Trout flies out sharply to center fielder Jonathan Davis.,0,0,1,1,9,0.53,3.05
459,2021-04-09,545361,606303,single,hit_into_play,4,Mike Trout singles on a ground ball to center fielder Jonathan Davis.,0,1,1,2,7,-0.58,2.37
460,2021-04-09,545361,606303,,called_strike,1,Mike Trout singles on a ground ball to center fielder Jonathan Davis.,0,0,1,1,7,-0.34,3.37
461,2021-04-09,545361,475479,walk,ball,12,Mike Trout walks.,3,0,2,4,1,0.17,4.02
462,2021-04-09,545361,475479,,ball,14,Mike Trout walks.,2,0,2,3,1,1.04,0.98
463,2021-04-09,545361,475479,,ball,14,Mike Trout walks.,1,0,2,2,1,0.85,1.24
464,2021-04-09,545361,475479,,ball,14,Mike Trout walks.,0,0,2,1,1,0.98,0.7
465,2021-04-08,545361,548389,home_run,hit_into_play,2,Mike Trout homers (3) on a fly ball to left center field.,0,0,2,1,5,0.21,3.05
466,2021-04-08,545361,548389,strikeout,called_strike,1,Mike Trout called out on strikes.,2,2,0,5,3,-0.4,3.43
467,2021-04-08,545361,548389,,ball,12,Mike Trout called out on strikes.,1,2,0,4,3,0.73,3.75
468,2021-04-08,545361,548389,,foul,5,Mike Trout called out on strikes.,1,1,0,3,3,0.24,2.74
469,2021-04-08,545361,548389,,ball,11,Mike Trout called out on strikes.,0,1,0,2,3,-0.25,4.78
470,2021-04-08,545361,548389,,called_strike,8,Mike Trout called out on strikes.,0,0,0,1,3,0.1,1.8
471,2021-04-08,545361,657240,field_out,hit_into_play,5,Mike Trout lines out sharply to center fielder Randal Grichuk.,2,2,2,5,9,-0.27,2.3
472,2021-04-08,545361,657240,,ball,11,Mike Trout lines out sharply to center fielder Randal Grichuk.,1,2,2,4,9,-1.16,4.33
473,2021-04-08,545361,657240,,foul,6,Mike Trout lines out sharply to center fielder Randal Grichuk.,1,1,2,3,9,0.55,2.24
474,2021-04-08,545361,657240,,foul,8,Mike Trout lines out sharply to center fielder Randal Grichuk.,1,0,2,2,9,0.02,1.91
475,2021-04-08,545361,657240,,ball,14,Mike Trout lines out sharply to center fielder Randal Grichuk.,0,0,2,1,9,0.83,1.05
476,2021-04-08,545361,605447,single,hit_into_play,4,Mike Trout singles on a soft ground ball to third baseman Cavan Biggio.   Shohei Ohtani to 2nd.,3,1,2,5,7,-0.78,2.21
477,2021-04-08,545361,605447,,foul,11,Mike Trout singles on a soft ground ball to third baseman Cavan Biggio.   Shohei Ohtani to 2nd.,3,0,2,4,7,-0.95,2.64
478,2021-04-08,545361,605447,,ball,12,Mike Trout singles on a soft ground ball to third baseman Cavan Biggio.   Shohei Ohtani to 2nd.,2,0,2,3,7,0.12,3.64
479,2021-04-08,545361,605447,,blocked_ball,14,Mike Trout singles on a soft ground ball to third baseman Cavan Biggio.   Shohei Ohtani to 2nd.,1,0,2,2,7,0.22,0.22
480,2021-04-08,545361,605447,,ball,11,Mike Trout singles on a soft ground ball to third baseman Cavan Biggio.   Shohei Ohtani to 2nd.,0,0,2,1,7,-0.99,2.66
481,2021-04-08,545361,548389,double,hit_into_play,8,Mike Trout doubles (2) on a line drive to right fielder Teoscar Hernandez.,0,0,2,1,1,0.17,1.47
482,2021-04-06,545361,425844,strikeout,swinging_strike,13,Mike Trout strikes out swinging.,2,2,0,5,6,-0.56,0.93
483,2021-04-06,545361,425844,,ball,11,Mike Trout strikes out swinging.,1,2,0,4,6,-0.57,3.88
484,2021-04-06,545361,425844,,foul,7,Mike Trout strikes out swinging.,1,1,0,3,6,-0.3,1.57
485,2021-04-06,545361,425844,,ball,14,Mike Trout strikes out swinging.,0,1,0,2,6,0.07,0.24
486,2021-04-06,545361,425844,,called_strike,9,Mike Trout strikes out swinging.,0,0,0,1,6,0.61,2.24
487,2021-04-06,545361,425844,field_out,hit_into_play,7,Mike Trout flies out to center fielder Myles Straw.,0,0,1,1,3,-0.34,2.15
488,2021-04-06,545361,519151,field_out,hit_into_play,5,"Mike Trout grounds out, third baseman Alex Bregman to first baseman Yuli Gurriel.",2,1,2,4,8,-0.09,2.73
489,2021-04-06,545361,519151,,called_strike,8,"Mike Trout grounds out, third baseman Alex Bregman to first baseman Yuli Gurriel.",2,0,2,3,8,0.12,2.01
490,2021-04-06,545361,519151,,ball,11,"Mike Trout grounds out, third baseman Alex Bregman to first baseman Yuli Gurriel.",1,0,2,2,8,-0.05,4.32
491,2021-04-06,545361,519151,,ball,11,"Mike Trout grounds out, third baseman Alex Bregman to first baseman Yuli Gurriel.",0,0,2,1,8,-0.09,5.35
492,2021-04-06,545361,425844,home_run,hit_into_play,8,Mike Trout homers (2) on a fly ball to left center field.   Shohei Ohtani scores.,2,2,1,5,1,-0.06,1.81
493,2021-04-06,545361,425844,,ball,11,Mike Trout homers (2) on a fly ball to left center field.   Shohei Ohtani scores.,1,2,1,4,1,-1.27,3.25
494,2021-04-06,545361,425844,,foul,5,Mike Trout homers (2) on a fly ball to left center field.   Shohei Ohtani scores.,1,1,1,3,1,0.0,2.77
495,2021-04-06,545361,425844,,called_strike,9,Mike Trout homers (2) on a fly ball to left center field.   Shohei Ohtani scores.,1,0,1,2,1,0.43,2.1
496,2021-04-06,545361,425844,,ball,14,Mike Trout homers (2) on a fly ball to left center field.   Shohei Ohtani scores.,0,0,1,1,1,1.45,1.6
497,2021-04-05,545361,677651,home_run,hit_into_play,2,Mike Trout homers (1) on a fly ball to left field.,2,2,0,5,4,0.23,3.21
498,2021-04-05,545361,677651,,ball,14,Mike Trout homers (1) on a fly ball to left field.,1,2,0,4,4,0.72,0.72
499,2021-04-05,545361,677651,,foul,8,Mike Trout homers (1) on a fly ball to left field.,1,1,0,3,4,0.05,1.61
500,2021-04-05,545361,677651,,foul,2,Mike Trout homers (1) on a fly ball to left field.,1,0,0,2,4,0.21,3.14
501,2021-04-05,545361,677651,,ball,14,Mike Trout homers (1) on a fly ball to left field.,0,0,0,1,4,1.61,2.4
502,2021-04-05,545361,650556,single,hit_into_play,8,Mike Trout singles on a sharp line drive to left fielder Chas McCormick.,2,0,1,3,7,-0.11,1.61
503,2021-04-05,545361,650556,,ball,13,Mike Trout singles on a sharp line drive to left fielder Chas McCormick.,1,0,1,2,7,-0.91,2.55
504,2021-04-05,545361,650556,,ball,14,Mike Trout singles on a sharp line drive to left fielder Chas McCormick.,0,0,1,1,7,2.08,2.51
505,2021-04-05,545361,677651,walk,ball,14,Mike Trout walks.,3,2,2,7,1,0.53,1.09
506,2021-04-05,545361,677651,,ball,14,Mike Trout walks.,2,2,2,6,1,2.16,1.21
507,2021-04-05,545361,677651,,ball,14,Mike Trout walks.,1,2,2,5,1,1.69,0.69
508,2021-04-05,545361,677651,,foul,3,Mike Trout walks.,1,2,2,4,1,0.64,2.93
509,2021-04-05,545361,677651,,foul,5,Mike Trout walks.,1,1,2,3,1,0.27,2.4
510,2021-04-05,545361,548384,strikeout,called_strike,12,Mike Trout called out on strikes.,3,2,0,6,5,0.97,3.38
511,2021-04-05,545361,548384,,ball,12,Mike Trout called out on strikes.,2,2,0,5,5,0.67,5.06
512,2021-04-05,545361,677651,,ball,1,Mike Trout walks.,0,1,2,2,1,-0.39,3.69
513,2021-04-05,545361,677651,,foul,5,Mike Trout walks.,0,0,2,1,1,0.02,2.61
514,2021-04-05,545361,548384,,foul,2,Mike Trout called out on strikes.,2,1,0,4,5,-0.21,3.31
515,2021-04-05,545361,548384,,ball,1,Mike Trout called out on strikes.,1,1,0,3,5,-0.67,3.61
516,2021-04-05,545361,548384,,ball,11,Mike Trout called out on strikes.,0,1,0,2,5,-0.14,3.83
517,2021-04-05,545361,548384,,called_strike,5,Mike Trout called out on strikes.,0,0,0,1,5,-0.16,3.03
518,2021-04-04,545361,656302,field_out,hit_into_play,7,"Mike Trout grounds out, shortstop Leury Garcia to first baseman Jose Abreu.",1,2,0,4,5,-0.63,1.81
519,2021-04-04,545361,656302,,swinging_strike,1,"Mike Trout grounds out, shortstop Leury Garcia to first baseman Jose Abreu.",1,1,0,3,5,-0.54,3.27
520,2021-04-04,545361,656302,,ball,11,"Mike Trout grounds out, shortstop Leury Garcia to first baseman Jose Abreu.",0,1,0,2,5,-1.1,3.01
521,2021-04-04,545361,656302,,called_strike,8,"Mike Trout grounds out, shortstop Leury Garcia to first baseman Jose Abreu.",0,0,0,1,5,0.02,1.59
522,2021-04-04,545361,656302,field_out,hit_into_play,2,Mike Trout flies out to center fielder Luis Robert.,1,1,0,3,3,-0.02,2.99
523,2021-04-04,545361,656302,,foul,7,Mike Trout flies out to center fielder Luis Robert.,1,0,0,2,3,-0.52,1.9
524,2021-04-04,545361,656302,,ball,14,Mike Trout flies out to center fielder Luis Robert.,0,0,0,1,3,0.44,0.03
525,2021-04-04,545361,656302,single,hit_into_play,6,Mike Trout singles on a sharp ground ball to left fielder Billy Hamilton.,3,2,1,6,1,0.81,2.37
526,2021-04-04,545361,656302,,called_strike,8,Mike Trout singles on a sharp ground ball to left fielder Billy Hamilton.,3,1,1,5,1,-0.27,2.09
527,2021-04-04,545361,656302,,foul,14,Mike Trout singles on a sharp ground ball to left fielder Billy Hamilton.,3,0,1,4,1,0.88,2.05
528,2021-04-04,545361,656302,,ball,14,Mike Trout singles on a sharp ground ball to left fielder Billy Hamilton.,2,0,1,3,1,0.72,0.64
529,2021-04-04,545361,656302,,ball,11,Mike Trout singles on a sharp ground ball to left fielder Billy Hamilton.,1,0,1,2,1,-1.21,2.76
530,2021-04-04,545361,641582,strikeout,swinging_strike,8,Mike Trout strikes out swinging.,1,2,0,5,9,0.13,1.75
531,2021-04-04,545361,656302,,ball,14,Mike Trout singles on a sharp ground ball to left fielder Billy Hamilton.,0,0,1,1,1,0.93,1.77
532,2021-04-04,545361,607481,walk,ball,14,Mike Trout walks.,3,1,0,5,7,1.02,1.21
533,2021-04-04,545361,641582,,ball,11,Mike Trout strikes out swinging.,0,2,0,4,9,-0.7,4.35
534,2021-04-04,545361,607481,,called_strike,7,Mike Trout walks.,3,0,0,4,7,-0.5,1.98
535,2021-04-04,545361,607481,,ball,14,Mike Trout walks.,2,0,0,3,7,1.46,1.79
536,2021-04-04,545361,641582,,foul,2,Mike Trout strikes out swinging.,0,2,0,3,9,0.26,3.26
537,2021-04-04,545361,607481,,ball,13,Mike Trout walks.,1,0,0,2,7,-1.63,1.87
538,2021-04-04,545361,641582,,called_strike,9,Mike Trout strikes out swinging.,0,1,0,2,9,0.4,1.71
539,2021-04-04,545361,607481,,ball,14,Mike Trout walks.,0,0,0,1,7,0.21,1.69
540,2021-04-04,545361,641582,,called_strike,7,Mike Trout strikes out swinging.,0,0,0,1,9,-0.51,1.73
541,2021-04-03,545361,458681,strikeout,swinging_strike,1,Mike Trout strikes out swinging.,2,2,1,5,5,-0.46,3.24
542,2021-04-03,545361,458681,,called_strike,1,Mike Trout strikes out swinging.,2,1,1,4,5,-0.55,3.24
543,2021-04-03,545361,458681,,ball,13,Mike Trout strikes out swinging.,1,1,1,3,5,-1.63,1.55
544,2021-04-03,545361,458681,,ball,14,Mike Trout strikes out swinging.,0,1,1,2,5,1.31,2.03
545,2021-04-03,545361,458681,,swinging_strike,2,Mike Trout strikes out swinging.,0,0,1,1,5,-0.26,3.22
546,2021-04-03,545361,458681,strikeout,swinging_strike,5,Mike Trout strikes out swinging.,0,2,1,3,3,-0.1,2.88
547,2021-04-03,545361,458681,,swinging_strike,3,Mike Trout strikes out swinging.,0,1,1,2,3,0.39,3.1
548,2021-04-03,545361,458681,,called_strike,5,Mike Trout strikes out swinging.,0,0,1,1,3,0.0,2.5
549,2021-04-03,545361,458681,walk,ball,11,Mike Trout walks.   David Fletcher to 2nd.,3,2,1,8,1,-1.49,2.97
550,2021-04-03,545361,458681,,foul,1,Mike Trout walks.   David Fletcher to 2nd.,3,2,1,7,1,-0.34,3.1
551,2021-04-03,545361,458681,,ball,12,Mike Trout walks.   David Fletcher to 2nd.,2,2,1,6,1,1.33,2.58
552,2021-04-03,545361,458681,,foul,2,Mike Trout walks.   David Fletcher to 2nd.,2,2,1,5,1,-0.01,3.33
553,2021-04-03,545361,458681,,ball,14,Mike Trout walks.   David Fletcher to 2nd.,1,2,1,4,1,1.55,1.72
554,2021-04-03,545361,458681,,ball,3,Mike Trout walks.   David Fletcher to 2nd.,0,2,1,3,1,0.7,2.89
555,2021-04-03,545361,458681,,swinging_strike,3,Mike Trout walks.   David Fletcher to 2nd.,0,1,1,2,1,0.39,3.27
556,2021-04-03,545361,458681,,swinging_strike,5,Mike Trout walks.   David Fletcher to 2nd.,0,0,1,1,1,0.14,2.7
557,2021-04-03,545361,605359,strikeout,called_strike,2,Mike Trout called out on strikes.,3,2,0,6,8,-0.01,3.28
558,2021-04-03,545361,605359,,ball,11,Mike Trout called out on strikes.,2,2,0,5,8,-0.37,3.95
559,2021-04-03,545361,605359,,foul,9,Mike Trout called out on strikes.,2,1,0,4,8,0.57,1.54
560,2021-04-03,545361,605359,,ball,13,Mike Trout called out on strikes.,1,1,0,3,8,-1.22,1.94
561,2021-04-03,545361,605359,,called_strike,14,Mike Trout called out on strikes.,1,0,0,2,8,0.85,2.04
562,2021-04-03,545361,605359,,ball,14,Mike Trout called out on strikes.,0,0,0,1,8,1.41,0.4
563,2021-04-02,545361,572971,double,hit_into_play,7,Mike Trout doubles (1) on a sharp line drive to left fielder Andrew Vaughn.,1,1,0,3,4,-0.79,1.97
564,2021-04-02,545361,572971,,ball,7,Mike Trout doubles (1) on a sharp line drive to left fielder Andrew Vaughn.,0,1,0,2,4,-0.59,1.58
565,2021-04-02,545361,572971,,called_strike,7,Mike Trout doubles (1) on a sharp line drive to left fielder Andrew Vaughn.,0,0,0,1,4,-0.53,2.22
566,2021-04-02,545361,656629,walk,ball,12,Mike Trout walks.,3,2,0,7,8,1.59,2.86
567,2021-04-02,545361,656629,,ball,14,Mike Trout walks.,2,2,0,6,8,1.71,1.88
568,2021-04-02,545361,656629,,foul,2,Mike Trout walks.,2,2,0,5,8,0.22,2.94
569,2021-04-02,545361,656629,,ball,12,Mike Trout walks.,1,2,0,4,8,1.34,4.3
570,2021-04-02,545361,521230,walk,ball,12,Mike Trout walks.,3,1,2,5,9,0.28,3.74
571,2021-04-02,545361,521230,,ball,13,Mike Trout walks.,2,1,2,4,9,-0.95,1.55
572,2021-04-02,545361,656629,,ball,1,Mike Trout walks.,0,2,0,3,8,-0.69,3.58
573,2021-04-02,545361,521230,,ball,9,Mike Trout walks.,1,1,2,3,9,0.79,1.7
574,2021-04-02,545361,656629,,called_strike,3,Mike Trout walks.,0,1,0,2,8,0.61,3.17
575,2021-04-02,545361,521230,,foul,9,Mike Trout walks.,1,0,2,2,9,0.65,1.95
576,2021-04-02,545361,656629,,swinging_strike,14,Mike Trout walks.,0,0,0,1,8,0.49,1.32
577,2021-04-02,545361,521230,,ball,12,Mike Trout walks.,0,0,2,1,9,1.22,2.88
578,2021-04-02,545361,572971,single,hit_into_play,14,"Mike Trout singles on a ground ball to pitcher Dallas Keuchel, deflected by third baseman Yoan Moncada.   Shohei Ohtani scores.",2,2,1,5,1,1.22,1.96
579,2021-04-02,545361,641582,strikeout,called_strike,8,Mike Trout called out on strikes.,3,2,1,6,5,0.24,1.6
580,2021-04-02,545361,572971,,blocked_ball,14,"Mike Trout singles on a ground ball to pitcher Dallas Keuchel, deflected by third baseman Yoan Moncada.   Shohei Ohtani scores.",1,2,1,4,1,0.24,0.39
581,2021-04-02,545361,641582,,ball,14,Mike Trout called out on strikes.,2,2,1,5,5,1.2,1.98
582,2021-04-02,545361,572971,,foul,13,"Mike Trout singles on a ground ball to pitcher Dallas Keuchel, deflected by third baseman Yoan Moncada.   Shohei Ohtani scores.",1,1,1,3,1,-1.04,1.99
583,2021-04-02,545361,641582,,blocked_ball,14,Mike Trout called out on strikes.,1,2,1,4,5,0.44,0.85
584,2021-04-02,545361,572971,,ball,11,"Mike Trout singles on a ground ball to pitcher Dallas Keuchel, deflected by third baseman Yoan Moncada.   Shohei Ohtani scores.",0,1,1,2,1,-0.45,4.27
585,2021-04-02,545361,572971,,called_strike,2,"Mike Trout singles on a ground ball to pitcher Dallas Keuchel, deflected by third baseman Yoan Moncada.   Shohei Ohtani scores.",0,0,1,1,1,-0.14,3.05
586,2021-04-02,545361,641582,,swinging_strike,8,Mike Trout called out on strikes.,1,1,1,3,5,-0.07,1.9
587,2021-04-02,545361,641582,,foul,7,Mike Trout called out on strikes.,1,0,1,2,5,-0.38,1.97
588,2021-04-02,545361,641582,,ball,14,Mike Trout called out on strikes.,0,0,1,1,5,1.29,1.26
589,2021-04-01,545361,608337,walk,ball,12,Mike Trout walks.,3,1,2,5,4,0.49,4.77
590,2021-04-01,545361,608337,,ball,12,Mike Trout walks.,2,1,2,4,4,0.01,4.3
591,2021-04-01,545361,608337,,ball,12,Mike Trout walks.,1,1,2,3,4,1.29,3.06
592,2021-04-01,545361,608337,,ball,14,Mike Trout walks.,0,1,2,2,4,0.58,0.46
593,2021-04-01,545361,608337,,called_strike,3,Mike Trout walks.,0,0,2,1,4,0.68,3.11
594,2021-04-01,545361,608337,strikeout,swinging_strike,13,Mike Trout strikes out swinging.,3,2,2,7,1,-1.23,1.57
595,2021-04-01,545361,608337,,ball,14,Mike Trout strikes out swinging.,2,2,2,6,1,0.82,0.1
596,2021-04-01,545361,608337,,ball,11,Mike Trout strikes out swinging.,1,2,2,5,1,-0.65,5.16
597,2021-04-01,545361,608337,,foul,2,Mike Trout strikes out swinging.,1,2,2,4,1,-0.12,3.17
598,2021-04-01,545361,608337,,called_strike,1,Mike Trout strikes out swinging.,1,1,2,3,1,-0.31,3.27
599,2021-04-01,545361,608337,,ball,14,Mike Trout strikes out swinging.,0,1,2,2,1,0.91,-1.05
600,2021-04-01,545361,608337,,called_strike,5,Mike Trout strikes out swinging.,0,0,2,1,1,-0.01,2.93
601,2021-04-01,545361,607481,single,hit_into_play,7,Mike Trout singles on a sharp ground ball to left fielder Leury Garcia.   David Fletcher scores.    Shohei Ohtani to 2nd.,3,1,0,5,8,-0.73,1.94
602,2021-04-01,545361,607481,,ball,13,Mike Trout singles on a sharp ground ball to left fielder Leury Garcia.   David Fletcher scores.    Shohei Ohtani to 2nd.,2,1,0,4,8,-0.94,0.72
603,2021-04-01,545361,607481,,ball,13,Mike Trout singles on a sharp ground ball to left fielder Leury Garcia.   David Fletcher scores.    Shohei Ohtani to 2nd.,1,1,0,3,8,-1.65,1.17
604,2021-04-01,545361,607481,,called_strike,8,Mike Trout singles on a sharp ground ball to left fielder Leury Garcia.   David Fletcher scores.    Shohei Ohtani to 2nd.,1,0,0,2,8,0.01,1.97
605,2021-04-01,545361,607481,,ball,13,Mike Trout singles on a sharp ground ball to left fielder Leury Garcia.   David Fletcher scores.    Shohei Ohtani to 2nd.,0,0,0,1,8,-0.58,1.1
606,2021-04-01,545361,676051,walk,ball,14,Mike Trout walks.,3,0,1,4,6,1.75,1.51
607,2021-04-01,545361,676051,,ball,14,Mike Trout walks.,2,0,1,3,6,0.47,1.41
608,2021-04-01,545361,676051,,ball,6,Mike Trout walks.,1,0,1,2,6,0.82,2.58
609,2021-04-01,545361,676051,,ball,14,Mike Trout walks.,0,0,1,1,6,1.57,2.0
